ID;Firmenname;Rechtsform;Kundentyp;Firmentyp;Straße;PLZ;Stadt;Bundesland;Land;Website;Status;Wert;Notizen;Kontakte;Erstellt
193;Strandbar Beach Kafic;;sonstige;einzelunternehmen;Soline, 21463, Vrboska, Kroatien;;;;Kroatien;;lead;0;"google maps  : https://www.google.de/maps/place/Strandbar+Beach+Kafic/@43.1802767,16.6872055,759m/data=!3m2!1e3!4b1!4m6!3m5!1s0x134a8715cf95ed41:0x5769caa12d2e237d!8m2!3d43.1802767!4d16.6897858!16s%2Fg%2F11h7jbq78m?entry=ttu&g_ep=EgoyMDI2MDIxOC4wIKXMDSoASAFQAw%3D%3D
";anja Müller;2026-02-23 12:41:03
4;Feriendorf Gomadingen;;camping;einzelunternehmen;Stuttgarter Weg 1 ;72532 ;Gomadingen ;Baden-Württemberg;Deutschland;;lead;0;;;2026-02-23 11:58:26
5;Schwarzwaldcamp Schwarzwaldhorn;;camping;Campingpark;;;;Baden-Württemberg;Deutschland;;lead;0;;;2026-02-23 11:58:26
6;Ferienpark Lautersee;;camping;Unabhängig;;;;Baden-Württemberg;Deutschland;;lead;0;;;2026-02-23 11:58:26
7;Camping- und Ferienpark Wirthshof;;camping;Campingpark;;;;Baden-Württemberg;Deutschland;;lead;0;;;2026-02-23 11:58:26
8;Ferienpark Waldsee;;camping;Unabhängig;;;;Baden-Württemberg;Deutschland;;lead;0;;;2026-02-23 11:58:26
9;Ferienparadies Schwarzwälder Hof;;camping;Campingpark;;;;Baden-Württemberg;Deutschland;;lead;0;;;2026-02-23 11:58:26
10;Ferienpark Öschlesee;;camping;Unabhängig;;;;Baden-Württemberg;Deutschland;;lead;0;;;2026-02-23 11:58:26
11;Center Parcs Park Allgäu;;camping;Center Parcs;;;;Bayern;Deutschland;;lead;0;;;2026-02-23 11:58:26
12;LEGOLAND Feriendorf;;camping;LEGO;;;;Bayern;Deutschland;;lead;0;;;2026-02-23 11:58:26
13;Ferienpark Oberallgäu;;camping;Unabhängig;;;;Bayern;Deutschland;;lead;0;;;2026-02-23 11:58:26
14;Vorauf Ferienpark;;camping;Unabhängig;;;;Bayern;Deutschland;;lead;0;;Unbekannt Unbekannt;2026-02-23 11:58:26
15;Campingpark Gitzenweiler Hof;;camping;Campingpark;;;;Bayern;Deutschland;;lead;0;;Unbekannt Unbekannt;2026-02-23 11:58:26
16;Ferienpark Lechbruck;;camping;Unabhängig;;;;Bayern;Deutschland;;lead;0;;Unbekannt Unbekannt;2026-02-23 11:58:26
17;Ferienpark Fichtelsee;;camping;Unabhängig;;;;Bayern;Deutschland;;lead;0;;Unbekannt Unbekannt;2026-02-23 11:58:26
18;Ferienpark Glasgarten;;camping;Unabhängig;;;;Bayern;Deutschland;;lead;0;;Unbekannt Unbekannt;2026-02-23 11:58:26
19;Ferienpark Weißensee;;camping;Unabhängig;;;;Bayern;Deutschland;;lead;0;;Unbekannt Unbekannt;2026-02-23 11:58:26
20;Feriendorf Regen;;camping;Unabhängig;;;;Bayern;Deutschland;;lead;0;;Unbekannt Unbekannt;2026-02-23 11:58:26
21;Feriendorf Bayerwald;;camping;Unabhängig;;;;Bayern;Deutschland;;lead;0;;Unbekannt Unbekannt;2026-02-23 11:58:26
22;Ferienpark Falkenstein;;camping;Unabhängig;;;;Bayern;Deutschland;;lead;0;;Unbekannt Unbekannt;2026-02-23 11:58:26
23;Familienpark Senftenberger See;;camping;Unabhängig;;;;Brandenburg;Deutschland;;lead;0;;Unbekannt Unbekannt;2026-02-23 11:58:26
24;Ferienpark Scharmützelsee;;camping;Unabhängig;;;;Brandenburg;Deutschland;;lead;0;;Unbekannt Unbekannt;2026-02-23 11:58:26
25;Tropical Islands Resort;;camping;Tropical Islands;;;;Brandenburg;Deutschland;;lead;0;;Unbekannt Unbekannt;2026-02-23 11:58:26
26;Ferienanlage Waldfrieden Teupitz;;camping;Campingpark;;;;Brandenburg;Deutschland;;lead;0;;Unbekannt Unbekannt;2026-02-23 11:58:26
27;Feriendorf Groß Väter See;;camping;Unabhängig;;;;Brandenburg;Deutschland;;lead;0;;Unbekannt Unbekannt;2026-02-23 11:58:26
28;Ferienpark am Hellsee;;camping;Campingpark;;;;Brandenburg;Deutschland;;lead;0;;Unbekannt Unbekannt;2026-02-23 11:58:26
29;Ferienpark Rüdersdorf;;camping;Unabhängig;;;;Brandenburg;Deutschland;;lead;0;;Unbekannt Unbekannt;2026-02-23 11:58:26
30;Ferienpark Bad Saarow;;camping;Unabhängig;;;;Brandenburg;Deutschland;;lead;0;;Unbekannt Unbekannt;2026-02-23 11:58:26
31;Ferienpark am Nebelsee;;camping;Unabhängig;;;;Brandenburg;Deutschland;;lead;0;;Unbekannt Unbekannt;2026-02-23 11:58:26
32;Beech Resort Fleesensee;;camping;Unabhängig;;;;Mecklenburg-Vorpommern;Deutschland;;lead;0;;Unbekannt Unbekannt;2026-02-23 11:58:26
33;Hafendorf Müritz;;camping;All Season Parks;;;;Mecklenburg-Vorpommern;Deutschland;;lead;0;;Unbekannt Unbekannt;2026-02-23 11:58:26
34;Lagunenstadt Ueckermünde;;camping;Unabhängig;;;;Mecklenburg-Vorpommern;Deutschland;;lead;0;;Unbekannt Unbekannt;2026-02-23 11:58:26
35;Ferienpark Heidenholz;;camping;Unabhängig;;;;Mecklenburg-Vorpommern;Deutschland;;lead;0;;Unbekannt Unbekannt;2026-02-23 11:58:26
36;Camping- und Ferienpark Havelberge;;camping;Campingpark;;;;Mecklenburg-Vorpommern;Deutschland;;lead;0;;Unbekannt Unbekannt;2026-02-23 11:58:26
37;Ferienpark Daktylus;;camping;Unabhängig;;;;Mecklenburg-Vorpommern;Deutschland;;lead;0;;Unbekannt Unbekannt;2026-02-23 11:58:26
38;Ferienpark Mirow;;camping;Unabhängig;;;;Mecklenburg-Vorpommern;Deutschland;;lead;0;;Unbekannt Unbekannt;2026-02-23 11:58:26
39;Ferienpark Markgrafenheide;;camping;Unabhängig;;;;Mecklenburg-Vorpommern;Deutschland;;lead;0;;Unbekannt Unbekannt;2026-02-23 11:58:26
40;Seepark Sellin;;camping;Unabhängig;;;;Mecklenburg-Vorpommern;Deutschland;;lead;0;;Unbekannt Unbekannt;2026-02-23 11:58:26
41;Center Parcs Bispinger Heide;;camping;Center Parcs;;;;Niedersachsen;Deutschland;;lead;0;;Unbekannt Unbekannt;2026-02-23 11:58:26
42;Center Parcs Nordseeküste;;camping;Center Parcs;;;;Niedersachsen;Deutschland;;lead;0;;Unbekannt Unbekannt;2026-02-23 11:58:26
43;Ferienresort Bad Bentheim;;camping;Roompot;;;;Niedersachsen;Deutschland;;lead;0;;Unbekannt Unbekannt;2026-02-23 11:58:26
44;Cuxland Ferienpark Dorum;;camping;Unabhängig;;;;Niedersachsen;Deutschland;;lead;0;;Unbekannt Unbekannt;2026-02-23 11:58:26
45;Cuxland Ferienpark Wremen;;camping;Unabhängig;;;;Niedersachsen;Deutschland;;lead;0;;Unbekannt Unbekannt;2026-02-23 11:58:26
46;Ferienpark Hage Berum;;camping;Unabhängig;;;;Niedersachsen;Deutschland;;lead;0;;Unbekannt Unbekannt;2026-02-23 11:58:26
47;Ferienpark Kreidesee;;camping;Unabhängig;;;;Niedersachsen;Deutschland;;lead;0;;Unbekannt Unbekannt;2026-02-23 11:58:26
48;Ferienpark Geesthof;;camping;Campingpark;;;;Niedersachsen;Deutschland;;lead;0;;Unbekannt Unbekannt;2026-02-23 11:58:26
49;Ferienpark am Bernsteinsee;;camping;Unabhängig;;;;Niedersachsen;Deutschland;;lead;0;;Unbekannt Unbekannt;2026-02-23 11:58:26
50;Feriendorf Altes Land;;camping;Unabhängig;;;;Niedersachsen;Deutschland;;lead;0;;Unbekannt Unbekannt;2026-02-23 11:58:26
51;Ferienpark Hahnenklee;;camping;Unabhängig;;;;Niedersachsen;Deutschland;;lead;0;;Unbekannt Unbekannt;2026-02-23 11:58:26
52;Ferienanlage Weinbergshof;;camping;Unabhängig;;;;Niedersachsen;Deutschland;;lead;0;;Unbekannt Unbekannt;2026-02-23 11:58:26
53;Ferienpark Steinhude;;camping;Unabhängig;;;;Niedersachsen;Deutschland;;lead;0;;Unbekannt Unbekannt;2026-02-23 11:58:26
54;Center Parcs Hochsauerland;;camping;Center Parcs;;;;Nordrhein-Westfalen;Deutschland;;lead;0;;Unbekannt Unbekannt;2026-02-23 11:58:26
55;Landal Winterberg;;camping;Landal;;;;Nordrhein-Westfalen;Deutschland;;lead;0;;Unbekannt Unbekannt;2026-02-23 11:58:26
56;Bergresort Winterberg;;camping;Unabhängig;;;;Nordrhein-Westfalen;Deutschland;;lead;0;;Unbekannt Unbekannt;2026-02-23 11:58:26
57;Ferienpark Brilon;;camping;Unabhängig;;;;Nordrhein-Westfalen;Deutschland;;lead;0;;Unbekannt Unbekannt;2026-02-23 11:58:26
58;Campingpark Kerstgenshof;;camping;Campingpark;;;;Nordrhein-Westfalen;Deutschland;;lead;0;;Unbekannt Unbekannt;2026-02-23 11:58:26
59;Ferienpark Biggesee;;camping;Unabhängig;;;;Nordrhein-Westfalen;Deutschland;;lead;0;;Unbekannt Unbekannt;2026-02-23 11:58:26
60;Ferienpark Sauerland;;camping;Unabhängig;;;;Nordrhein-Westfalen;Deutschland;;lead;0;;Unbekannt Unbekannt;2026-02-23 11:58:26
61;Ferienpark Eifelblick;;camping;Unabhängig;;;;Nordrhein-Westfalen;Deutschland;;lead;0;;Unbekannt Unbekannt;2026-02-23 11:58:26
62;Center Parcs Park Eifel;;camping;Center Parcs;;;;Rheinland-Pfalz;Deutschland;;lead;0;;Unbekannt Unbekannt;2026-02-23 11:58:26
63;Ferienpark Hambachtal;;camping;Unabhängig;;;;Rheinland-Pfalz;Deutschland;;lead;0;;Unbekannt Unbekannt;2026-02-23 11:58:26
64;Landal Warsberg;;camping;Landal;;;;Rheinland-Pfalz;Deutschland;;lead;0;;Unbekannt Unbekannt;2026-02-23 11:58:26
65;Eifel Ferienpark Prümtal;;camping;Unabhängig;;;;Rheinland-Pfalz;Deutschland;;lead;0;;Unbekannt Unbekannt;2026-02-23 11:58:26
66;Ferienpark am Wirftsee;;camping;Campingpark;;;;Rheinland-Pfalz;Deutschland;;lead;0;;Unbekannt Unbekannt;2026-02-23 11:58:26
67;Ferienpark Reinsfeld;;camping;Unabhängig;;;;Rheinland-Pfalz;Deutschland;;lead;0;;Unbekannt Unbekannt;2026-02-23 11:58:26
68;Ferienpark Wingertsberg;;camping;Unabhängig;;;;Rheinland-Pfalz;Deutschland;;lead;0;;Unbekannt Unbekannt;2026-02-23 11:58:26
69;Landal Travemünde;;camping;Landal;;;;Schleswig-Holstein;Deutschland;;lead;0;;Unbekannt Unbekannt;2026-02-23 11:58:26
70;Weissenhäuser Strand;;camping;Unabhängig;;;;Schleswig-Holstein;Deutschland;;lead;0;;Unbekannt Unbekannt;2026-02-23 11:58:26
71;Ostsee-Ferienpark Heiligenhafen;;camping;Unabhängig;;;;Schleswig-Holstein;Deutschland;;lead;0;;Unbekannt Unbekannt;2026-02-23 11:58:26
72;Campingplatz Ostseestrand Familie Heide;;camping;Campingpark;;;;Schleswig-Holstein;Deutschland;;lead;0;;Unbekannt Unbekannt;2026-02-23 11:58:26
73;Ferienpark Holm;;camping;Unabhängig;;;;Schleswig-Holstein;Deutschland;;lead;0;;Unbekannt Unbekannt;2026-02-23 11:58:26
74;Ferienpark Hasselberg;;camping;Unabhängig;;;;Schleswig-Holstein;Deutschland;;lead;0;;Unbekannt Unbekannt;2026-02-23 11:58:26
75;Elldus Resort;;camping;Unabhängig;;;;Sachsen;Deutschland;;lead;0;;Unbekannt Unbekannt;2026-02-23 11:58:26
76;IFA Schöneck Hotel & Ferienpark;;camping;Unabhängig;;;;Sachsen;Deutschland;;lead;0;;Unbekannt Unbekannt;2026-02-23 11:58:26
77;TRIXI-Park Zittauer Gebirge;;camping;Unabhängig;;;;Sachsen;Deutschland;;lead;0;;Unbekannt Unbekannt;2026-02-23 11:58:26
78;Camping- und Ferienpark Ostrauer Mühle;;camping;Campingpark;;;;Sachsen;Deutschland;;lead;0;;Unbekannt Unbekannt;2026-02-23 11:58:26
79;Ferienpark Erzgebirge;;camping;Unabhängig;;;;Sachsen;Deutschland;;lead;0;;Unbekannt Unbekannt;2026-02-23 11:58:26
80;Ferienpark Plötzky;;camping;Unabhängig;;;;Sachsen-Anhalt;Deutschland;;lead;0;;Unbekannt Unbekannt;2026-02-23 11:58:26
81;Ferienpark Birnbaumteich;;camping;Unabhängig;;;;Sachsen-Anhalt;Deutschland;;lead;0;;Unbekannt Unbekannt;2026-02-23 11:58:26
82;Ferienpark Harz;;camping;Unabhängig;;;;Sachsen-Anhalt;Deutschland;;lead;0;;Unbekannt Unbekannt;2026-02-23 11:58:26
83;Ferienpark Hohenwarsleben;;camping;Unabhängig;;;;Sachsen-Anhalt;Deutschland;;lead;0;;Unbekannt Unbekannt;2026-02-23 11:58:26
84;Ferienpark Feuerkuppe;;camping;Unabhängig;;;;Thüringen;Deutschland;;lead;0;;Unbekannt Unbekannt;2026-02-23 11:58:26
85;WaldResort Hainich;;camping;Unabhängig;;;;Thüringen;Deutschland;;lead;0;;Unbekannt Unbekannt;2026-02-23 11:58:26
86;Campingpark Rhönquelle;;camping;Campingpark;;;;Thüringen;Deutschland;;lead;0;;Unbekannt Unbekannt;2026-02-23 11:58:26
87;Ferienpark Thüringer Wald;;camping;Unabhängig;;;;Thüringen;Deutschland;;lead;0;;Unbekannt Unbekannt;2026-02-23 11:58:26
88;Ferienpark Stausee Hohenfelden;;camping;Unabhängig;;;;Thüringen;Deutschland;;lead;0;;Unbekannt Unbekannt;2026-02-23 11:58:26
89;Südsee-Camp;;camping;;;;Wietzendorf;Niedersachsen;Deutschland;;lead;0;Gewässer: See (Südsee) | Website: pincamp.de;Unbekannt Unbekannt;2026-02-23 11:58:26
90;Alfsee Ferien- und Erlebnispark;;camping;;;;Rieste;Niedersachsen;Deutschland;;lead;0;Gewässer: See (Alfsee) | Website: pincamp.de;Unbekannt Unbekannt;2026-02-23 11:58:26
91;Havelberge Camping Resort;;camping;;;;Wesenberg;Mecklenburg-Vorpommern;Deutschland;;lead;0;Gewässer: See (Woblitzsee) | Website: pincamp.de;Unbekannt Unbekannt;2026-02-23 11:58:26
92;Campingpark Ludwig Leichhardt;;camping;;;;Schwielochsee;Brandenburg;Deutschland;;lead;0;Gewässer: See (Schwielochsee) | Website: pincamp.de;Unbekannt Unbekannt;2026-02-23 11:58:26
93;Park-Camping Lindau;;camping;;;;Lindau;Bodensee;Deutschland;;lead;0;Gewässer: See (Bodensee) | Website: pincamp.de;Unbekannt Unbekannt;2026-02-23 11:58:26
94;Camping Park Gohren am See;;camping;;;;Kressbronn;Bodensee;Deutschland;;lead;0;Gewässer: See (Bodensee) | Website: pincamp.de;Unbekannt Unbekannt;2026-02-23 11:58:26
95;Campingplatz Schloss Helmsdorf;;camping;;Schloss Helmsdorf 1;88090 ;Immenstaad am Bodensee;;Deutschland;;lead;0;Gewässer: See (Bodensee) | Website: pincamp.de;Zentrale Zentr;2026-02-23 11:58:26
96;Camping & Ferienpark Falkensteinsee;;camping;;;;Bayern;;Deutschland;;lead;0;Gewässer: See (Falkensteinsee) | Website: pincamp.de;Unbekannt Unbekannt;2026-02-23 11:58:26
97;Komfortcampingplatz Senftenberger See;;camping;;;;Senftenberg;Brandenburg;Deutschland;;lead;0;Gewässer: See (Senftenberger See) | Website: camping.info;Unbekannt Unbekannt;2026-02-23 11:58:26
98;Nandalee Camping;;camping;;;;Deutschland (Profil);;Deutschland;;lead;0;Gewässer: See | Website: pincamp.de;Unbekannt Unbekannt;2026-02-23 11:58:26
99;Campingplatz und Strandbad Hasse;;camping;;;;Deutschland (Profil);;Deutschland;;lead;0;Gewässer: See | Website: camping.info;Unbekannt Unbekannt;2026-02-23 11:58:26
100;Camping Waldberg;;camping;;;;Deutschland (Profil);;Deutschland;;lead;0;Gewässer: See | Website: pincamp.de;Unbekannt Unbekannt;2026-02-23 11:58:26
101;Südstrand Camping;;camping;;;;Mecklenburg-Vorpommern;;Deutschland;;lead;0;Gewässer: Meer (Ostsee) | Website: pincamp.de / regionaltourismus;Unbekannt Unbekannt;2026-02-23 11:58:26
102;Campingplatz St. Peter-Ording;;camping;;;;St. Peter-Ording;Schleswig-Holstein;Deutschland;;lead;0;Gewässer: Meer (Nordsee) | Website: camping.info;Unbekannt Unbekannt;2026-02-23 11:58:26
103;Camping Müritz (Beispiel);;camping;;;;Müritz;Mecklenburgische Seenplatte;Deutschland;;lead;0;Gewässer: See (Müritz) | Website: pincamp.de;Unbekannt Unbekannt;2026-02-23 11:58:26
104;Althoff Seehotel Überfahrt;;hotels-resorts;;;;Rottach-Egern;Bayern;Deutschland;;lead;0;Gewässer: See (Tegernsee) | Website: seehotel-ueberfahrt.com;Unbekannt Unbekannt;2026-02-23 11:58:26
105;Hotel Gasthaus Hirschen;;hotels-resorts;;;;Gaienhofen / Höri;Baden-Württemberg;Deutschland;;lead;0;Gewässer: See (Bodensee) | Website: hotelhirschen-bodensee.de;Unbekannt Unbekannt;2026-02-23 11:58:26
106;Hotel Meersburg (Beispiel);;hotels-resorts;;;;Meersburg;Bodenseeregion;Deutschland;;lead;0;Gewässer: See (Bodensee) | Website: regionaltourismus;Unbekannt Unbekannt;2026-02-23 11:58:26
107;Hotel an der Mosel (Beispiel Cochem);;hotels-resorts;;;;Cochem;Rheinland-Pfalz;Deutschland;;lead;0;Gewässer: Fluss (Mosel) | Website: booking listings;Unbekannt Unbekannt;2026-02-23 11:58:26
108;Hotel an der Rheinpromenade (Beispiel Bacharach);;hotels-resorts;;;;Bacharach;Rheinland-Pfalz;Deutschland;;lead;0;Gewässer: Fluss (Rhein) | Website: regionaltourismus;Unbekannt Unbekannt;2026-02-23 11:58:26
109;Campingplatz Chiemsee (Beispiel);;camping;;;;Chiemsee;Bayern;Deutschland;;lead;0;Gewässer: See (Chiemsee) | Website: pincamp.de;Unbekannt Unbekannt;2026-02-23 11:58:26
110;Campingplatz Edersee (Beispiel);;camping;;;;Edersee;Hessen;Deutschland;;lead;0;Gewässer: See (Edersee) | Website: pincamp.de;Unbekannt Unbekannt;2026-02-23 11:58:26
111;Campingplatz Friedrichshafen (Bodensee);;camping;;;;Friedrichshafen;Bodensee;Deutschland;;lead;0;Gewässer: See (Bodensee) | Website: pincamp.de;;2026-02-23 11:58:26
112;Campingplatz Kühlungsborn;;camping;;;;Kühlungsborn;Mecklenburg-Vorpommern;Deutschland;;lead;0;Gewässer: Meer (Ostsee) | Website: camping.info;Unbekannt Unbekannt;2026-02-23 11:58:26
113;Insel-Camp Fehmarn;;camping;;;;Fehmarn;Schleswig-Holstein;Deutschland;;lead;0;Gewässer: Meer (Ostsee) | Website: camping.info;Unbekannt Unbekannt;2026-02-23 11:58:26
114;Rosenfelder Strand Ostsee Camping;;camping;;;;Rosenfelde;Schleswig-Holstein;Deutschland;;lead;0;Gewässer: Meer (Ostsee) | Website: camping.info;Unbekannt Unbekannt;2026-02-23 11:58:26
115;Naturpark-Camping Prinzenholz;;camping;;;;Prerow/Zingst region;Mecklenburg-Vorpommern;Deutschland;;lead;0;Gewässer: Meer (Ostsee) | Website: camping.info;Unbekannt Unbekannt;2026-02-23 11:58:26
116;Campingpark Kühlungsborn (Campingpark Kühlungsborn);;camping;;;;Kühlungsborn;Mecklenburg-Vorpommern;Deutschland;;lead;0;Gewässer: Meer (Ostsee) | Website: camping.info;Unbekannt Unbekannt;2026-02-23 11:58:26
117;Camping Zingst;;camping;;;;Zingst;Mecklenburg-Vorpommern;Deutschland;;lead;0;Gewässer: Meer (Ostsee) | Website: pincamp.de;Unbekannt Unbekannt;2026-02-23 11:58:26
118;Camping Wulfener Hals;;camping;;;;Fehmarn;Schleswig-Holstein;Deutschland;;lead;0;Gewässer: Meer (Ostsee) | Website: pincamp.de;Unbekannt Unbekannt;2026-02-23 11:58:26
119;Campingpark Ostseebad Rerik;;camping;;;;Rerik;Mecklenburg-Vorpommern;Deutschland;;lead;0;Gewässer: Meer (Ostsee) | Website: camping.info;Unbekannt Unbekannt;2026-02-23 11:58:26
120;Campingplatz Knaus;;camping;;;;verschiedene Deutschland-Standorte;;Deutschland;;lead;0;Gewässer: Meer/See (versch. Standorte) | Website: knauscamp.de;Unbekannt Unbekannt;2026-02-23 11:58:26
121;Camping Hopfensee;;camping;;;;Hopfen am See / Füssen;Bayern;Deutschland;;lead;0;Gewässer: See (Hopfensee) | Website: pincamp.de;Unbekannt Unbekannt;2026-02-23 11:58:26
122;Campingplatz Seeblick Wangerland;;camping;;;;Wangerland;Niedersachsen;Deutschland;;lead;0;Gewässer: Meer (Nordsee) | Website: camping.info;Unbekannt Unbekannt;2026-02-23 11:58:26
123;Campingplatz Nordstrand;;camping;;;;Nordstrand;Schleswig-Holstein;Deutschland;;lead;0;Gewässer: Meer (Nordsee) | Website: regionaltourismus;Unbekannt Unbekannt;2026-02-23 11:58:26
124;Campingplatz Hohwachter Bucht;;camping;;;;Hohwacht;Schleswig-Holstein;Deutschland;;lead;0;Gewässer: Meer (Ostsee) | Website: camping.info;Unbekannt Unbekannt;2026-02-23 11:58:26
125;Campingplatz Weiherhof (Bayern);;camping;;;;Bayern;region;Deutschland;;lead;0;Gewässer: See | Website: pincamp.de;Unbekannt Unbekannt;2026-02-23 11:58:26
126;Campingplatz Thülen (Biggesee);;camping;;;;Sauerland;Nordrhein-Westfalen;Deutschland;;lead;0;Gewässer: See (Biggesee) | Website: camping.info;Unbekannt Unbekannt;2026-02-23 11:58:26
127;Campingpark Badesee Hemmoor;;camping;;;;Hemmoor;Niedersachsen;Deutschland;;lead;0;Gewässer: See | Website: pincamp.de;Unbekannt Unbekannt;2026-02-23 11:58:26
128;Campingplatz Ecktannen (Rechlin);;camping;;;;Rechlin;Mecklenburg-Vorpommern;Deutschland;;lead;0;Gewässer: See (Müritz) | Website: pincamp.de;Unbekannt Unbekannt;2026-02-23 11:58:26
129;Camp Seeblick am Krakower See;;camping;;;;Mecklenburg-Vorpommern;;Deutschland;;lead;0;Gewässer: See (Krakower See) | Website: pincamp.de;Unbekannt Unbekannt;2026-02-23 11:58:26
130;Campingplatz Boek;;camping;;;;Rechlin;Mecklenburg-Vorpommern;Deutschland;;lead;0;Gewässer: See (Rechlin/Müritz) | Website: pincamp.de;Unbekannt Unbekannt;2026-02-23 11:58:26
131;Campingplatz Pappelbucht;;camping;;;;Müritz;Mecklenburg-Vorpommern;Deutschland;;lead;0;Gewässer: See (Müritz) | Website: pincamp.de;Unbekannt Unbekannt;2026-02-23 11:58:26
132;Campingplatz Strandcamping Waging;;camping;;;;Waging;Bayern;Deutschland;;lead;0;Gewässer: See (Waginger See) | Website: pincamp.de;Unbekannt Unbekannt;2026-02-23 11:58:26
133;Campingpark Seehäusl;;camping;;;;Bayern region;;Deutschland;;lead;0;Gewässer: See | Website: pincamp.de;Unbekannt Unbekannt;2026-02-23 11:58:26
134;Campingpark Heubach (Bodensee);;camping;;;;Region Bodensee;;Deutschland;;lead;0;Gewässer: See (Bodensee) | Website: pincamp.de;Unbekannt Unbekannt;2026-02-23 11:58:26
135;Campingplatz Horn (Bodensee);;camping;;;;Bodenseeregion;;Deutschland;;lead;0;Gewässer: See (Bodensee) | Website: pincamp.de;Unbekannt Unbekannt;2026-02-23 11:58:26
136;Campingplatz Benz (Usedom);;camping;;;;Usedom;;Deutschland;;lead;0;Gewässer: Meer (Ostsee) | Website: camping.info;Unbekannt Unbekannt;2026-02-23 11:58:26
137;Campingpark Hohen Wieschendorf;;camping;;;;Wischendorf/Mecklenburg-Vorpommern;;Deutschland;;lead;0;Gewässer: Meer (Ostsee) | Website: camping.info;Unbekannt Unbekannt;2026-02-23 11:58:26
138;Campingplatz Kuhlungsborn (verschiedene);;camping;;;;Kühlungsborn;;Deutschland;;lead;0;Gewässer: Meer (Ostsee) | Website: camping.info;Unbekannt Unbekannt;2026-02-23 11:58:26
139;Campingplatz am Edersee (z.B. Himmelswiese);;camping;;;;Edersee;Hessen;Deutschland;;lead;0;Gewässer: See (Edersee) | Website: regionaltourismus;Unbekannt Unbekannt;2026-02-23 11:58:26
140;Campingplatz Bremerhaven (Nordsee);;camping;;;;Bremerhaven;Bremen;Deutschland;;lead;0;Gewässer: Meer (Nordsee) | Website: regionaltourismus;Unbekannt Unbekannt;2026-02-23 11:58:26
141;Campingplatz Rügen (Beispiele: Prora, Thiessow);;camping;;;;Rügen;Mecklenburg-Vorpommern;Deutschland;;lead;0;Gewässer: Meer (Ostsee) | Website: camping.info;Unbekannt Unbekannt;2026-02-23 11:58:26
142;Campingplatz Strukkamphuk;;camping;;;;Kiel/Strucklahnungshörn region;;Deutschland;;lead;0;Gewässer: Meer (Ostsee) | Website: pincamp.de;Unbekannt Unbekannt;2026-02-23 11:58:26
143;Campingplatz am Bodensee (Friedrichshafen Beispiel);;camping;;;;Friedrichshafen;Bodensee;Deutschland;;lead;0;Gewässer: See (Bodensee) | Website: pincamp.de;Unbekannt Unbekannt;2026-02-23 11:58:26
144;Campingplatz am See (Allgäu Beispiele);;camping;;;;Allgäu;Bayern;Deutschland;;lead;0;Gewässer: See (Alpenseen) | Website: pincamp.de;Unbekannt Unbekannt;2026-02-23 11:58:26
145;Hotel Miramar Westerland (Sylt);;hotels-resorts;;;;Westerland;Sylt;Deutschland;;lead;0;Gewässer: Meer (Nordsee) | Website: miramar-sylt.de;Unbekannt Unbekannt;2026-02-23 11:58:26
146;Hotel A-ROSA Sylt (Westerland);;hotels-resorts;;;;Sylt;Schleswig-Holstein;Deutschland;;lead;0;Gewässer: Meer (Nordsee) | Website: a-rosa.de;Unbekannt Unbekannt;2026-02-23 11:58:26
147;Budersand Hotel (Sylt);;hotels-resorts;;;;Sylt;;Deutschland;;lead;0;Gewässer: Meer (Nordsee) | Website: budersand.de;Unbekannt Unbekannt;2026-02-23 11:58:26
148;Hotel Atlantic Kempinski (List/Sylt area);;hotels-resorts;;;;Sylt region;;Deutschland;;lead;0;Gewässer: Meer (Nordsee) | Website: kempinski.com;Unbekannt Unbekannt;2026-02-23 11:58:26
149;Torekov Seehotel (Beispiel);;hotels-resorts;;;;verschiedene Deutschland (Beispiel);;Deutschland;;lead;0;Gewässer: See | Website: regionaltourismus;Unbekannt Unbekannt;2026-02-23 11:58:26
150;Dorint Strandresort (Binz, Rügen);;hotels-resorts;;;;Binz;Rügen;Deutschland;;lead;0;Gewässer: Meer (Ostsee) | Website: dorint.com;Unbekannt Unbekannt;2026-02-23 11:58:26
151;Seehotel Töpferhaus (Rummelsberg example);;hotels-resorts;;;;Deutschland (Beispiel);;Deutschland;;lead;0;Gewässer: See | Website: regionaltourismus;Unbekannt Unbekannt;2026-02-23 11:58:26
152;Romantik Seehotel Schloss Rheinfels (Beispiel);;hotels-resorts;;;;Rheingau/Rhein;;Deutschland;;lead;0;Gewässer: Fluss (Rhein) | Website: regionaltourismus;Unbekannt Unbekannt;2026-02-23 11:58:26
153;Steigenberger Inselhotel (Usedom);;hotels-resorts;;;;Usedom;;Deutschland;;lead;0;Gewässer: Meer (Ostsee) | Website: steigenberger.com;Unbekannt Unbekannt;2026-02-23 11:58:26
154;Seepark Hotel (Titisee);;hotels-resorts;;;;Titisee-Neustadt;Schwarzwald;Deutschland;;lead;0;Gewässer: See (Titisee) | Website: seepark.de;Unbekannt Unbekannt;2026-02-23 11:58:26
155;Maritim Seehotel (Timmendorfer Strand);;hotels-resorts;;;;Timmendorfer Strand;Schleswig-Holstein;Deutschland;;lead;0;Gewässer: Meer (Ostsee) | Website: maritim.de;Unbekannt Unbekannt;2026-02-23 11:58:26
156;Seehotel Niedernberg (Main);;hotels-resorts;;;;Niedernberg;Bayern;Deutschland;;lead;0;Gewässer: Fluss (Main) | Website: regionaltourismus;Unbekannt Unbekannt;2026-02-23 11:58:26
157;Strandhotel Binz;;hotels-resorts;;;;Binz;Rügen;Deutschland;;lead;0;Gewässer: Meer (Ostsee) | Website: regionaltourismus;Unbekannt Unbekannt;2026-02-23 11:58:26
158;Hotel Nordstrand (Sylt/Region);;hotels-resorts;;;;Sylt region;;Deutschland;;lead;0;Gewässer: Meer (Nordsee) | Website: regionaltourismus;Unbekannt Unbekannt;2026-02-23 11:58:26
159;Seehotel Großherzog von Mecklenburg (Beispiel);;hotels-resorts;;;;Norddeutschland (Beispiel);;Deutschland;;lead;0;Gewässer: See | Website: regionaltourismus;Unbekannt Unbekannt;2026-02-23 11:58:26
160;Campingpark Zwenkau;;camping;;;;Zwenkausee;Sachsen;Deutschland;;lead;0;Gewässer: See (Zwenkausee) | Website: pincamp.de / camping.info;Unbekannt Unbekannt;2026-02-23 11:58:26
161;Campingplatz Badesee Borken;;camping;;;;Borken;Nordrhein-Westfalen;Deutschland;;lead;0;Gewässer: See (Borken) | Website: pincamp.de / camping.info;Unbekannt Unbekannt;2026-02-23 11:58:26
162;Campingplatz Heiligenhafen;;camping;;;;Heiligenhafen;Schleswig-Holstein;Deutschland;;lead;0;Gewässer: Meer (Heiligenhafen) | Website: pincamp.de / camping.info;Unbekannt Unbekannt;2026-02-23 11:58:26
163;Campingpark Ostseequelle;;camping;;;;Schleswig-Holstein;;Deutschland;;lead;0;Gewässer: Meer (Schleswig-Holstein) | Website: pincamp.de / camping.info;Unbekannt Unbekannt;2026-02-23 11:58:26
164;Campingplatz Lüneburger Heide See;;camping;;;;Lüneburg;Niedersachsen;Deutschland;;lead;0;Gewässer: See (Lüneburg) | Website: pincamp.de / camping.info;Unbekannt Unbekannt;2026-02-23 11:58:26
165;Campingplatz Werbellinsee;;camping;;;;Werbellinsee;Brandenburg;Deutschland;;lead;0;Gewässer: See (Werbellinsee) | Website: pincamp.de / camping.info;Unbekannt Unbekannt;2026-02-23 11:58:26
166;Campingplatz Klink;;camping;;;;Klink/Müritz;Mecklenburg-Vorpommern;Deutschland;;lead;0;Gewässer: See (Klink/Müritz) | Website: pincamp.de / camping.info;Unbekannt Unbekannt;2026-02-23 11:58:26
167;Campingplatz Ueckermünde;;camping;;;;Ueckermünde;Mecklenburg-Vorpommern;Deutschland;;lead;0;Gewässer: Meer (Ueckermünde) | Website: pincamp.de / camping.info;Unbekannt Unbekannt;2026-02-23 11:58:26
168;Campingplatz Dorum;;camping;;;;Dorum-Neufeld;Niedersachsen;Deutschland;;lead;0;Gewässer: Meer (Dorum-Neufeld) | Website: pincamp.de / camping.info;Unbekannt Unbekannt;2026-02-23 11:58:26
169;Campingplatz Duhnen;;camping;;;;Cuxhaven/Duhnen;Niedersachsen;Deutschland;;lead;0;Gewässer: Meer (Cuxhaven/Duhnen) | Website: pincamp.de / camping.info;Unbekannt Unbekannt;2026-02-23 11:58:26
170;Campingplatz Seeheim;;camping;;;;Seeheim region;;Deutschland;;lead;0;Gewässer: See (Seeheim region) | Website: pincamp.de / camping.info;Unbekannt Unbekannt;2026-02-23 11:58:26
171;Campingplatz Lauwersmeer (NL border);;camping;;;;Grenznahe Regionen;;Deutschland;;lead;0;Gewässer: Meer/See (Grenznahe Regionen) | Website: pincamp.de / camping.info;Unbekannt Unbekannt;2026-02-23 11:58:26
172;Campingplatz Sorpesee;;camping;;;;Sorpesee;Nordrhein-Westfalen;Deutschland;;lead;0;Gewässer: See (Sorpesee) | Website: pincamp.de / camping.info;Unbekannt Unbekannt;2026-02-23 11:58:26
173;Campingplatz Biggesee;;camping;;;;Biggesee;Nordrhein-Westfalen;Deutschland;;lead;0;Gewässer: See (Biggesee) | Website: pincamp.de / camping.info;Unbekannt Unbekannt;2026-02-23 11:58:26
174;Campingplatz Listersee;;camping;;;;Listersee;Nordrhein-Westfalen;Deutschland;;lead;0;Gewässer: See (Listersee) | Website: pincamp.de / camping.info;Unbekannt Unbekannt;2026-02-23 11:58:26
175;Campingplatz Bostalsee;;camping;;;;Bostalsee;Saarland;Deutschland;;lead;0;Gewässer: See (Bostalsee) | Website: pincamp.de / camping.info;Unbekannt Unbekannt;2026-02-23 11:58:26
176;Campingplatz Brombachsee;;camping;;;;Brombachsee;Bayern;Deutschland;;lead;0;Gewässer: See (Brombachsee) | Website: pincamp.de / camping.info;Unbekannt Unbekannt;2026-02-23 11:58:26
177;Campingplatz Altmühlsee;;camping;;;;Altmühlsee;Bayern;Deutschland;;lead;0;Gewässer: See (Altmühlsee) | Website: pincamp.de / camping.info;;2026-02-23 11:58:26
178;Campingplatz Forggensee;;camping;;;;Forggensee;Allgäu;Deutschland;;lead;0;Gewässer: See (Forggensee) | Website: pincamp.de / camping.info;Unbekannt Unbekannt;2026-02-23 11:58:26
179;Campingplatz Ammersee;;camping;;;;Ammersee;Bayern;Deutschland;;lead;0;Gewässer: See (Ammersee) | Website: pincamp.de / camping.info;Unbekannt Unbekannt;2026-02-23 11:58:26
181;Camping/Hotel Beispiel 93;;hotels-resorts;;;;Region Beispiel 93;Deutschland;Deutschland;;lead;0;Gewässer: See | Website: Profil auf PiNCAMP / Camping.info / regionaltourismus;Unbekannt Unbekannt;2026-02-23 11:58:26
182;Camping/Hotel Beispiel 94;;camping;;;;Region Beispiel 94;Deutschland;Deutschland;;lead;0;Gewässer: Meer | Website: Profil auf PiNCAMP / Camping.info / regionaltourismus;Unbekannt Unbekannt;2026-02-23 11:58:26
183;Camping/Hotel Beispiel 95;;hotels-resorts;;;;Region Beispiel 95;Deutschland;Deutschland;;lead;0;Gewässer: Fluss | Website: Profil auf PiNCAMP / Camping.info / regionaltourismus;Unbekannt Unbekannt;2026-02-23 11:58:26
184;Camping/Hotel Beispiel 96;;camping;;;;Region Beispiel 96;Deutschland;Deutschland;;lead;0;Gewässer: See | Website: Profil auf PiNCAMP / Camping.info / regionaltourismus;Unbekannt Unbekannt;2026-02-23 11:58:26
185;Camping/Hotel Beispiel 97;;hotels-resorts;;;;Region Beispiel 97;Deutschland;Deutschland;;lead;0;Gewässer: Meer | Website: Profil auf PiNCAMP / Camping.info / regionaltourismus;Unbekannt Unbekannt;2026-02-23 11:58:26
186;Camping/Hotel Beispiel 98;;camping;;;;Region Beispiel 98;Deutschland;Deutschland;;lead;0;Gewässer: Fluss | Website: Profil auf PiNCAMP / Camping.info / regionaltourismus;Unbekannt Unbekannt;2026-02-23 11:58:26
187;Camping/Hotel Beispiel 99;;hotels-resorts;;;;Region Beispiel 99;Deutschland;Deutschland;;lead;0;Gewässer: See | Website: Profil auf PiNCAMP / Camping.info / regionaltourismus;Unbekannt Unbekannt;2026-02-23 11:58:26
188;Camping/Hotel Beispiel 100;;camping;;;;Region Beispiel 100;Deutschland;Deutschland;;lead;0;Gewässer: Meer | Website: Profil auf PiNCAMP / Camping.info / regionaltourismus;Unbekannt Unbekannt;2026-02-23 11:58:26
189;Unbekannt;;sonstige;;;;;;Deutschland;;lead;0;;Unbekannt Unbekannt;2026-02-23 11:58:26
190;Unbekannt;;sonstige;;;;;;Deutschland;;lead;0;;Unbekannt Unbekannt;2026-02-23 11:58:26
191;Unbekannt;;sonstige;;;;;;Deutschland;;lead;0;;Unbekannt Unbekannt;2026-02-23 11:58:26
192;https://www.lohbeck-privathotels.de/hotels-deutschland-oesterreich/;;sonstige;;;;;;Deutschland;;lead;0;;Unbekannt Unbekannt;2026-02-23 11:58:26
